{"_step":2799,"Eval Images Metrics Dict (all images)/fps":10.306102752685547,"Eval Images Metrics/num_rays":1.2697344e+07,"Train Loss Dict/main_loss":0.1121322512626648,"Eval Images Metrics/lpips":0.507364809513092,"Train Rays / Sec":7.022140340614258e+08,"Eval Images Metrics/psnr":13.717844009399414,"Eval Images Metrics Dict (all images)/lpips":0.45186057686805725,"_wandb":{"runtime":224},"_runtime":224.013186669,"Vis Rays / Sec":1.418881937403071e+07,"Eval Images Metrics Dict (all images)/psnr":16.388944625854492,"GPU Memory (MB)":8151.3857421875,"_timestamp":1.7334099581463857e+09,"Train Iter (time)":0.018214869499206542,"Eval Images Metrics/ssim":0.701087236404419,"ETA (time)":495.46266524791713,"Train Loss Dict/scale_reg":0,"learning_rate/means":0.00010410061997848924,"Train Metrics Dict/gaussian_count":191355,"Train Loss":0.1121322512626648,"Train Metrics Dict/psnr":15.766496658325195,"Eval Images/img":{"_type":"image-file","sha256":"f52f2dcf8ac4b8ae2ef05ab077b0b0be922ea3023fa41487a4314eaade4fb957","size":17654416,"path":"media/images/Eval Images/img_2700_f52f2dcf8ac4b8ae2ef0.png","format":"png","width":9504,"height":2672},"Eval Images Metrics Dict (all images)/num_rays_per_sec":1.30860128e+08,"Test Rays / Sec":1.2006781444121881e+08,"Eval Images Metrics Dict (all images)/ssim":0.774276852607727}