{
    "transform": [
        [
            0.9975199103355408,
            -0.07027900964021683,
            -0.003862778190523386,
            0.02052214927971363
        ],
        [
            -0.003862778190523386,
            -0.10945995897054672,
            0.9939836859703064,
            -0.18888244032859802
        ],
        [
            -0.07027900964021683,
            -0.9915035963058472,
            -0.10945995897054672,
            -0.07135231047868729
        ]
    ],
    "scale": 0.11264064020363866
}